block_name,cluster,label,rf_prediction,rf_confidence,final_prediction,solar_mean,wind_mean,pop_mean,dist_roads_mean,dist_trans_mean,dist_sub_mean,constraint_pct,district
Agalpur,1,SOLAR,SOLAR,0.9920443977782956,SOLAR,4.238735,3.745112,297.9296,3.938571,31.833622,49.417115,79.9918,Bolangir
Ambabhana,3,SOLAR,SOLAR,0.9852421499748636,SOLAR,4.106386,3.626894,140.0581,2.611814,66.250382,72.661689,41.4958,Baragarh
Anandpur,3,SOLAR,SOLAR,0.9890032091313016,SOLAR,4.093544,3.129247,331.3072,13.675535,63.643637,67.756676,87.1788,Keonjhar
Anugul,3,SOLAR,SOLAR,0.9846764962576742,SOLAR,4.077689,3.569442,182.2117,9.957462,34.472504,65.287661,38.7173,Anugul
Aska,1,SOLAR,SOLAR,0.958307854293395,SOLAR,4.11164,3.276122,750.7188,2.512391,5.902977,20.723141,69.3916,Ganjam
Astarang,2,WIND,WIND,0.73984375,WIND,3.375824,5.921978,672.873,0.865803,108.247852,18.235214,57.1996,Puri
Atabira,1,SOLAR,SOLAR,0.988873737191886,SOLAR,4.232043,3.771955,218.6679,2.558009,26.296504,29.738735,64.4914,Baragarh
Athagarh,1,SOLAR,SOLAR,0.9246719782748016,SOLAR,4.060674,3.717531,450.3245,2.730041,10.938011,19.972813,84.1785,Cuttack
Atthamallik,3,SOLAR,SOLAR,0.9969157398791252,SOLAR,4.16228,3.604733,134.5121,5.987917,28.592577,62.542424,59.4808,Anugul
Aul,0,HYBRID,HYBRID,0.9488344186292168,HYBRID,4.041685,5.194862,803.1529,3.702805,46.265072,35.075398,64.95349999999999,Kendrapada
Badagaon,1,SOLAR,SOLAR,0.995996204282204,SOLAR,4.257278,3.558765,184.8215,5.676428,27.138268,42.127861,92.0727,Sundargarh
Badamba,1,SOLAR,SOLAR,0.9871817870967884,SOLAR,4.083613,3.313387,454.7764,6.631088,35.824154,36.281688,56.50730000000001,Cuttack
Badasahi,1,SOLAR,SOLAR,0.946187751142595,SOLAR,4.028666,4.126961,430.1637,3.580878,12.154968,46.34699,94.7513,Mayurbhanj
Bahalda,1,SOLAR,SOLAR,0.9690394668621944,SOLAR,4.004985,3.438157,358.781,2.758963,51.912834,64.700361,83.8718,Mayurbhanj
Bahanaga,2,HYBRID,HYBRID,0.92409381937641,HYBRID,3.639414,4.762,651.081,3.253276,25.185772,30.796605,99.2297,Baleswar
Baleswar,0,HYBRID,HYBRID,0.9712923934051207,HYBRID,3.773819,5.265023,932.6779,2.462905,25.180579,33.004189,84.0127,Baleswar
Balianta,0,HYBRID,HYBRID,0.9858408978546136,HYBRID,4.053441,4.853999,870.4104,0.342881,8.420727,15.922435,68.892,Khurda
Baliapal,2,HYBRID,HYBRID,0.9737197995777984,HYBRID,3.767348,5.33405,785.2745,2.823857,62.52705,23.323394,83.1347,Baleswar
Baliguda,3,SOLAR,SOLAR,0.9634268518290028,SOLAR,4.22385,3.747108,106.9492,8.873561,152.0089,99.774326,47.6609,Kandhamal
Balikuda,2,HYBRID,HYBRID,0.9705766141786468,HYBRID,3.765255,5.519689,650.8395,2.747003,83.21507,26.625536,77.5822,Jagatsingpur
Balipatana,0,HYBRID,HYBRID,0.9906651935079788,HYBRID,4.054898,4.966099,874.7577,0.478034,27.016704,17.028732,85.5971,Khurda
Balisankara,3,SOLAR,SOLAR,0.989027139176892,SOLAR,4.071966,3.449128,180.583,5.524234,86.199638,97.321029,87.2054,Sundargarh
Banapur,3,SOLAR,SOLAR,0.985888720891215,SOLAR,4.071297,3.554159,300.4546,14.986198,20.675393,55.384911,63.7345,Khurda
Banarpal,1,SOLAR,SOLAR,0.9547500360781508,SOLAR,4.098399,3.454737,681.8274,1.992091,3.654721,13.978534,81.1345,Anugul
Bandhugaon,2,SOLAR,SOLAR,0.9182944632759829,SOLAR,3.650125,3.638839,135.6461,2.830853,62.329479,74.669628,47.4083,Koraput
Baneigarh,1,SOLAR,SOLAR,0.9876622991104448,SOLAR,4.164945,3.241105,191.0468,4.275189,42.716649,33.450069,74.746,Sundargarh
Bangiriposi,3,SOLAR,SOLAR,0.9865063737420948,SOLAR,4.058017,3.022711,164.1569,9.855651,26.276378,93.427179,60.6184,Mayurbhanj
Bangomunda,1,SOLAR,SOLAR,0.990527062046735,SOLAR,4.250928,3.662953,418.9276,4.710662,16.087976,40.874733,76.02250000000001,Bolangir
Banki,1,SOLAR,SOLAR,0.9442516245193404,SOLAR,4.082497,4.048206,579.7977,4.078443,25.179981,37.647014,59.0251,Cuttack
Banspal,3,SOLAR,SOLAR,0.9875925231505428,SOLAR,4.189077,3.586066,113.2451,13.425589,36.869362,36.280939,59.4173,Keonjhar
Baranga,0,HYBRID,HYBRID,0.8759781486353614,HYBRID,4.053566,4.616825,882.5884,0.68738,5.356253,13.993922,59.6911,Cuttack
Barchana,0,SOLAR,SOLAR,0.7817810719471364,SOLAR,4.050331,4.581702,728.8584,2.729141,12.243828,27.31613,81.9986,Jajpur
Bargarh,1,SOLAR,SOLAR,0.9384817187807376,SOLAR,4.242232,3.690784,634.3889,1.822502,13.677698,21.109111,79.6516,Baragarh
Bari,0,HYBRID,HYBRID,0.9801304626730132,HYBRID,4.053331,4.786947,744.0479,2.514025,36.154845,24.361464,57.69370000000001,Jajpur
Baripada,0,SOLAR,SOLAR,0.8463235177418453,SOLAR,4.036901,4.163184,698.7706,2.721017,12.192277,30.899781,88.7081,Mayurbhanj
Barkot,3,SOLAR,SOLAR,0.9949974044529664,SOLAR,4.176768,3.080704,134.285,9.792656,31.38469,44.012159,54.6142,Deogarh
Barpali,1,SOLAR,SOLAR,0.9754587063330046,SOLAR,4.248262,3.83075,473.6667,2.269527,15.556358,19.725749,80.6291,Baragarh
Basta,0,HYBRID,HYBRID,0.9021859991620792,HYBRID,4.08065,4.824222,647.2261,4.034457,15.238635,22.963135,94.6759,Baleswar
Basudevpur,2,HYBRID,HYBRID,0.9366179410331108,HYBRID,3.726687,4.984943,590.5481,4.869678,42.834949,34.940293,94.1123,Bhadrak
Begunia,0,SOLAR,SOLAR,0.9753110947837615,SOLAR,4.082521,4.440034,466.6285,2.91609,7.821099,24.943952,94.0874,Khurda
Belapada,1,SOLAR,SOLAR,0.968961525922287,SOLAR,4.258995,3.790062,244.8438,2.827148,44.462557,53.299582,94.5956,Bolangir
Bellaguntha,1,SOLAR,SOLAR,0.981506107840949,SOLAR,4.109771,3.077528,419.134,2.880437,9.075168,26.924812,68.1325,Ganjam
Betanati,1,SOLAR,SOLAR,0.919069969202228,SOLAR,4.070387,4.484924,552.9107,3.432764,10.618173,51.603846,99.241,Mayurbhanj
Bhadrak,0,SOLAR,SOLAR,0.9482670417062862,SOLAR,4.085235,4.186214,1065.6688,3.471108,7.241606,15.536313,94.8668,Bhadrak
Bhandaripokhari,1,SOLAR,SOLAR,0.967382265918214,SOLAR,4.091286,4.332128,448.4803,3.47081,8.958279,28.766965,96.4922,Bhadrak
Bhanjanagar,3,SOLAR,SOLAR,0.9946385272260132,SOLAR,4.05655,2.528195,184.254,5.767649,19.198537,66.123121,57.0027,Ganjam
Bhapur,1,SOLAR,SOLAR,0.9795867976360916,SOLAR,4.085366,3.324805,489.9824,4.110074,44.055609,27.411962,72.12349999999999,Nayagarh
Bhatali,1,SOLAR,SOLAR,0.9867757107350914,SOLAR,4.220281,3.59208,183.9228,1.657576,53.511409,29.141451,88.0359,Baragarh
Bhawanipatana,1,SOLAR,SOLAR,0.9937722946432176,SOLAR,4.232811,3.925109,307.1802,6.188907,27.127675,37.928893,66.7328,Kalahandi
Bheden,1,SOLAR,SOLAR,0.9801192994649098,SOLAR,4.240808,3.777585,355.5078,1.320057,54.785207,22.943746,73.5224,Baragarh
Bhogarai,2,HYBRID,HYBRID,0.9288827292994002,HYBRID,3.4823,5.075373,932.6745,2.730337,79.489716,25.599106,87.0034,Baleswar
Bhuban,1,SOLAR,SOLAR,0.9860215626056164,SOLAR,4.104347,3.396867,455.8685,3.233614,9.333248,32.078929,79.2493,Dhenkanal
Bhubaneswar,0,HYBRID,HYBRID,0.9014492730788018,HYBRID,4.051669,4.620454,2302.3019,0.44041,6.846213,12.065829,79.8534,Khurda
Bijatala,1,SOLAR,SOLAR,0.9910778929012382,SOLAR,3.983715,3.287904,215.2468,6.482192,22.834124,50.974536,71.056,Mayurbhanj
Bijepur,1,SOLAR,SOLAR,0.9844746802374644,SOLAR,4.242591,3.793502,335.5095,1.99318,18.403844,35.440628,92.0949,Baragarh
Binika,1,SOLAR,SOLAR,0.995996204282204,SOLAR,4.245365,3.809702,351.1941,5.525998,48.66727,48.145457,84.9053,Sonepur
Binjharpur,0,HYBRID,HYBRID,0.9739238864891036,HYBRID,4.055202,4.859049,1189.6382,3.909514,56.64988,18.604122,83.73899999999999,Jajpur
Biridi,0,HYBRID,HYBRID,0.9133368368165308,HYBRID,4.054114,4.901198,734.0873,1.885969,10.506373,38.746641,77.8245,Jagatsingpur
Birmaharajpur,1,SOLAR,SOLAR,0.9855204344511576,SOLAR,4.233295,3.809471,224.112,4.618531,14.457244,76.303906,79.5235,Sonepur
Bisamcuttack,1,SOLAR,SOLAR,0.9904897451351112,SOLAR,4.152344,3.561657,145.6525,1.958727,18.607451,65.753032,55.6203,Rayagada
Bisoi,1,SOLAR,SOLAR,0.9819536559615684,SOLAR,4.137028,3.351617,253.9357,4.11204,8.366608,78.59326,77.9083,Mayurbhanj
Bisra,1,SOLAR,SOLAR,0.9703047477816484,SOLAR,3.897057,3.214487,364.6477,4.64685,7.50293,19.335477,69.8603,Sundargarh
Boden,3,SOLAR,SOLAR,0.9873322704407298,SOLAR,4.142682,4.168682,123.7126,3.842333,66.273581,73.558753,72.1922,Nuapada
Boipariguda,1,SOLAR,SOLAR,0.9790892600699402,SOLAR,4.196514,4.1063,117.4977,2.530924,14.50142,35.946595,73.47359999999999,Koraput
Bolagarh,1,SOLAR,SOLAR,0.9870603459723276,SOLAR,4.084254,3.987377,492.129,4.146909,12.277349,41.536298,89.6866,Khurda
Bolangir,1,SOLAR,SOLAR,0.9804287269547344,SOLAR,4.243611,3.954151,541.4855,2.662406,9.955619,30.139247,82.449,Bolangir
Bonth,1,SOLAR,SOLAR,0.954011393126724,SOLAR,4.095509,3.966445,517.7132,3.718621,26.602823,24.457518,100.0,Bhadrak
Borigumma,1,SOLAR,SOLAR,0.9884124858878828,SOLAR,4.352504,4.579379,288.3333,1.355846,18.365171,35.788451,80.1267,Koraput
Boudh,3,SOLAR,SOLAR,0.9945635161389832,SOLAR,4.21885,3.878634,190.9049,9.618952,29.909489,64.882394,67.1328,Boudh
Brahmagiri,0,HYBRID,HYBRID,0.910221019713396,HYBRID,3.975894,5.410993,450.052,0.914592,52.132047,26.722172,74.3957,Puri
Buguda,3,SOLAR,SOLAR,0.9725352249240682,SOLAR,4.103907,3.44898,371.9413,3.687592,40.00732,82.902552,73.3461,Ganjam
Chakapad,3,SOLAR,SOLAR,0.9822829581672896,SOLAR,4.091678,3.607268,123.1427,8.270564,28.102576,38.935364,46.9456,Kandhamal
Champua,1,SOLAR,SOLAR,0.959961348302814,SOLAR,4.037227,3.522573,363.8105,4.125394,21.029986,34.626599,99.1387,Keonjhar
Chandahandi,2,HYBRID,HYBRID,0.6723363433912023,HYBRID,3.636866,4.0371,303.2862,4.83409,121.071882,85.678952,92.4265,Nawarangpur
Chandbali,2,HYBRID,HYBRID,0.9195992865764214,HYBRID,3.763064,5.382518,538.0796,5.144877,26.144,28.239814,84.8625,Bhadrak
Chandrapur,3,SOLAR,SOLAR,0.9915444813492476,SOLAR,4.15344,2.955097,69.5211,3.892217,72.681319,51.031263,42.9326,Rayagada
Chhatrapur,0,HYBRID,HYBRID,0.9679073102525864,HYBRID,3.931141,5.488499,935.0692,1.219861,5.805908,18.00827,55.5276,Ganjam
Chhendipada,1,SOLAR,SOLAR,0.990660057841816,SOLAR,4.138825,3.444739,238.1244,4.798964,12.544711,41.709224,85.89909999999999,Anugul
Chiketi,2,SOLAR,SOLAR,0.8771959463212451,SOLAR,3.74854,4.154696,520.6306,2.138457,41.978325,46.820836,62.3162,Ganjam
Chilika,0,HYBRID,HYBRID,0.8458070999263338,HYBRID,4.135904,4.848356,900.418,4.425323,11.843973,30.245397,45.9554,Khurda
Chitrakonda,3,SOLAR,SOLAR,0.9568287650149846,SOLAR,3.958887,3.293562,65.533,2.782946,46.285529,72.026625,24.6762,Malkanagiri
Cuttack Sadar,0,HYBRID,HYBRID,0.9186866898246536,HYBRID,4.059111,4.639534,2685.6191,0.938888,7.14456,17.015503,40.4899,Cuttack
Dabugaon,1,SOLAR,SOLAR,0.973492691320106,SOLAR,4.35797,4.418573,205.8085,3.976209,16.964701,34.453845,96.0274,Nawarangpur
Dampada,1,SOLAR,SOLAR,0.955513375965526,SOLAR,4.066676,4.244705,444.5339,3.305404,21.690206,29.675241,72.7686,Cuttack
Danagadi,1,SOLAR,SOLAR,0.9863355570197914,SOLAR,4.081759,3.812524,419.4458,3.95359,7.301504,12.843972,81.9265,Jajpur
Daringbadi,3,SOLAR,SOLAR,0.9586448348602832,SOLAR,4.159532,4.272956,87.9725,4.104126,128.001215,119.126069,39.668,Kandhamal
Dasamantapur,1,SOLAR,SOLAR,0.8819767468840592,SOLAR,4.278608,4.754337,110.5139,2.736465,33.470449,57.136242,43.9824,Koraput
Dasapalla,3,SOLAR,SOLAR,0.990294446844036,SOLAR,4.069088,3.113619,122.4811,16.546711,48.479597,59.332358,52.5074,Nayagarh
Dasarathpur,0,HYBRID,HYBRID,0.934065967216518,HYBRID,4.057833,4.720427,1052.8368,2.841779,59.373058,15.610283,99.9724,Jajpur
Delanga,0,HYBRID,HYBRID,0.9652454551268954,HYBRID,4.06847,4.900119,736.4641,0.619416,7.754526,21.010386,98.2011,Puri
Deogan,1,SOLAR,SOLAR,0.9881643724726332,SOLAR,4.248328,3.854709,255.0395,2.796959,22.646789,30.913431,90.5988,Bolangir
Derabishi,0,HYBRID,HYBRID,0.9725714906387026,HYBRID,4.046383,4.850838,806.9233,3.013234,14.551822,20.121139,88.51050000000001,Kendrapada
Dhamanagar,0,SOLAR,SOLAR,0.8250179896281316,SOLAR,4.068083,4.488502,837.1203,3.486017,35.63455,15.424536,94.8354,Bhadrak
Dhanakauda(Sadar),1,SOLAR,SOLAR,0.961067126724978,SOLAR,4.242582,3.753219,713.0902,2.275612,9.031862,16.741478,43.5062,Sambalpur
Dharakote,3,SOLAR,SOLAR,0.9806159163544734,SOLAR,4.073546,3.370865,399.2306,5.117822,29.259079,61.517228,55.608900000000006,Ganjam
Dharmagarh,1,SOLAR,SOLAR,0.9902642005989696,SOLAR,4.19522,3.499607,368.6362,3.514312,48.163146,34.68742,89.5763,Kalahandi
Dharmasala,0,SOLAR,SOLAR,0.832022211475732,SOLAR,4.068761,4.447199,738.7211,2.123645,8.843764,23.693059,72.038,Jajpur
Dhenkanal Sadar,1,SOLAR,SOLAR,0.8816321160749351,SOLAR,4.062675,3.946762,555.9357,3.194203,18.460654,32.776141,78.6339,Dhenkanal
Digapahandi,1,SOLAR,SOLAR,0.9652119726417252,SOLAR,4.061796,3.362619,424.0799,3.00831,18.718276,39.03665,62.7804,Ganjam
Dunguripali,1,SOLAR,SOLAR,0.9893416217642914,SOLAR,4.249958,3.75749,460.9635,6.236185,27.552631,31.02944,92.3213,Sonepur
Erasama,2,HYBRID,HYBRID,0.9312678649529214,HYBRID,3.670858,5.725815,481.153,2.939184,61.976678,23.451486,81.3867,Jagatsingpur
Firingia,3,SOLAR,SOLAR,0.9910030724939892,SOLAR,4.228818,4.144733,83.7717,16.085752,96.512027,60.573277,49.7661,Kandhamal
G.Udayagiri,3,SOLAR,SOLAR,0.9845493744442508,SOLAR,4.122437,4.388458,177.6347,6.08049,29.996219,83.236529,43.9053,Kandhamal
Gaisilat,1,SOLAR,SOLAR,0.9864162465410036,SOLAR,4.232866,3.739039,253.957,1.852788,58.820734,64.475048,77.49080000000001,Baragarh
Gania,3,SOLAR,SOLAR,0.9760053961393564,SOLAR,4.075619,3.107284,84.6194,19.739457,56.308717,61.688451,14.4079,Nayagarh
Ganjam,0,HYBRID,HYBRID,0.9113960491258988,HYBRID,4.064812,5.349436,540.3068,2.176574,8.406022,26.798825,57.7982,Ganjam
Garadpur,0,HYBRID,HYBRID,0.9837300998331022,HYBRID,4.045305,5.079366,875.4517,2.245423,35.417463,24.477162,70.4257,Kendrapada
Ghasipura,1,SOLAR,SOLAR,0.9753994030294107,SOLAR,4.098224,3.504619,391.8936,6.120608,27.036178,31.713374,93.9153,Keonjhar
Ghatagaon,3,SOLAR,SOLAR,0.9763575867958972,SOLAR,4.147772,3.503929,191.988,6.320597,49.567019,81.58976,92.5745,Keonjhar
Golamunda,1,SOLAR,SOLAR,0.9951907919110698,SOLAR,4.237524,3.814987,255.1286,5.986412,46.430921,44.94653,69.95609999999999,Kalahandi
Gondia,1,SOLAR,SOLAR,0.9673609813458344,SOLAR,4.071922,4.023937,293.8806,5.60966,41.764458,29.851916,78.9072,Dhenkanal
Gop,0,HYBRID,HYBRID,0.972536641378274,HYBRID,3.916445,5.571274,511.2711,0.758302,26.242153,22.596436,85.6523,Puri
Gopabandhunagar,1,SOLAR,SOLAR,0.912380935511897,SOLAR,4.048376,4.293581,438.7626,2.086956,40.186589,24.002078,99.6067,Mayurbhanj
Govindapur,1,SOLAR,SOLAR,0.9931944284740944,SOLAR,4.246063,3.387299,175.214,4.937934,44.780365,51.714569,85.5599,Sambalpur
Gudari,3,SOLAR,SOLAR,0.9792271781530032,SOLAR,4.140213,3.097076,102.2452,2.2568,46.845523,61.978166,40.5402,Rayagada
Gudvella,1,SOLAR,SOLAR,0.9892978768428392,SOLAR,4.242643,4.067333,301.0219,2.507624,33.523178,38.920882,77.1218,Bolangir
Gumma,3,SOLAR,SOLAR,0.9846764962576742,SOLAR,4.121675,3.160801,298.3762,5.403929,39.2773,63.557572,36.424800000000005,Gajapati
Gunupur,3,SOLAR,SOLAR,0.9774158515837162,SOLAR,4.046109,3.081466,179.2381,2.197613,28.953684,80.734382,50.5938,Rayagada
Gurundia,3,SOLAR,SOLAR,0.99553093491361,SOLAR,4.17379,3.256616,70.4153,18.837508,64.109583,65.476287,56.2163,Sundargarh
Harbhanga,3,SOLAR,SOLAR,0.9956156323591256,SOLAR,4.123514,3.451799,127.4999,6.97202,71.491123,60.383981,45.432,Boudh
Harichandanpur,3,SOLAR,SOLAR,0.993648694358427,SOLAR,4.114511,3.505253,143.2077,13.012008,55.938354,69.31371,77.1108,Keonjhar
Hatadihi,1,SOLAR,SOLAR,0.9707597596404074,SOLAR,4.082229,3.681385,463.3401,5.968774,52.464131,25.192085,77.16499999999999,Keonjhar
Hemagiri,1,SOLAR,SOLAR,0.98480614488769,SOLAR,4.193624,3.606084,109.9668,6.332264,38.601815,33.435726,88.8981,Sundargarh
Hindol,1,SOLAR,SOLAR,0.990741243062798,SOLAR,4.065437,3.755993,244.3891,5.446096,26.805697,31.586775,75.66199999999999,Dhenkanal
Hinjilicut,0,SOLAR,SOLAR,0.885175432069318,SOLAR,4.131386,4.373369,825.0409,1.202485,14.835102,33.999385,71.40100000000001,Ganjam
Jagannathprasad,3,SOLAR,SOLAR,0.994303203241212,SOLAR,4.088978,3.201478,160.8376,9.629647,15.893173,91.3947,65.41329999999999,Ganjam
Jagatsinghpur,0,HYBRID,HYBRID,0.9821339343437938,HYBRID,4.05366,5.034358,1008.0838,1.63534,16.110403,16.471319,91.8411,Jagatsingpur
Jaipatna,1,SOLAR,SOLAR,0.9864830748880096,SOLAR,4.236326,3.982982,339.4385,5.006439,15.318674,37.883802,76.8669,Kalahandi
Jajpur,0,SOLAR,SOLAR,0.8620150865171412,SOLAR,4.079716,4.54383,1040.5065,2.609662,18.936252,18.974789,70.0836,Jajpur
Jaleswar,2,HYBRID,HYBRID,0.9143367160768266,HYBRID,3.709187,4.698556,683.2601,3.747256,31.897485,34.014325,86.42020000000001,Baleswar
Jamankira,3,SOLAR,SOLAR,0.9958170705730732,SOLAR,4.209988,3.65812,123.1053,6.094147,83.488213,85.519452,73.598,Sambalpur
Jamuda,1,SOLAR,SOLAR,0.961831447766912,SOLAR,4.012751,3.634038,359.0591,1.90764,40.459215,59.792183,79.28450000000001,Mayurbhanj
Jasipur,3,SOLAR,SOLAR,0.9969157398791252,SOLAR,4.165453,3.45422,129.768,9.497219,39.820379,98.611381,60.6987,Mayurbhanj
Jatani,0,HYBRID,HYBRID,0.9436389968449668,HYBRID,4.063782,4.71985,681.1388,0.956334,7.700078,15.92337,93.4431,Khurda
Jeypore,1,SOLAR,SOLAR,0.9815952467125924,SOLAR,4.336145,4.299246,443.5731,2.459601,5.594263,16.176735,78.6703,Koraput
Jharabandh,2,SOLAR,SOLAR,0.9308299718128928,SOLAR,3.881002,3.782784,216.6362,2.701407,105.759878,38.02161,76.5354,Baragarh
Jharigaon,1,SOLAR,SOLAR,0.8360585325592101,SOLAR,4.300933,4.87809,205.8298,5.364302,59.51784,55.025749,84.17710000000001,Nawarangpur
Jharsuguda,1,SOLAR,SOLAR,0.974546392388246,SOLAR,4.253388,3.870206,648.9197,2.316469,3.430283,12.028712,72.8637,Jharsuguda
Jhumpura,1,SOLAR,SOLAR,0.9919651703764388,SOLAR,4.194915,3.520777,258.4442,7.843185,21.368337,40.065754,88.5463,Keonjhar
Joda,1,SOLAR,SOLAR,0.9780030902868704,SOLAR,3.972598,3.496221,374.3783,5.669194,19.244252,27.6131,70.2086,Keonjhar
Jujumura,1,SOLAR,SOLAR,0.991634119810404,SOLAR,4.198508,3.646611,183.3506,1.493864,26.434224,37.861676,81.8447,Sambalpur
Junagarh,1,SOLAR,SOLAR,0.9951319193925424,SOLAR,4.261841,4.058657,357.5501,6.245594,13.290848,41.345699,80.292,Kalahandi
K.Singpur,3,SOLAR,SOLAR,0.9875490375459218,SOLAR,4.136251,3.717707,127.596,3.084189,29.963321,63.244303,49.3335,Rayagada
Kabisuryanagar,1,SOLAR,SOLAR,0.9148992896911085,SOLAR,4.114835,3.725989,815.196,1.324663,14.969997,36.122813,61.6906,Ganjam
Kakatpur,0,HYBRID,HYBRID,0.9689511573473036,HYBRID,3.952258,5.556228,556.3128,0.675192,73.123774,20.041145,78.9431,Puri
Kalampur,1,SOLAR,SOLAR,0.9768247606305704,SOLAR,4.237349,3.759139,369.9964,3.071116,8.021814,39.362641,86.4062,Kalahandi
Kalimela,3,SOLAR,SOLAR,0.9845102146348468,SOLAR,4.153817,3.308426,117.167,2.889877,61.457751,66.706158,67.1995,Malkanagiri
Kamakhyanagar,1,SOLAR,SOLAR,0.9834513456524882,SOLAR,4.107057,3.472306,308.2968,4.193004,20.464161,35.422965,82.459,Dhenkanal
Kanas,0,HYBRID,HYBRID,0.90361006129608,HYBRID,4.098066,5.087283,761.5181,0.75112,26.027883,32.676733,75.5864,Puri
Kaniha,1,SOLAR,SOLAR,0.988856976958301,SOLAR,4.148976,3.193366,209.492,4.482622,11.249475,22.100449,73.16460000000001,Anugul
Kankadahad,1,SOLAR,SOLAR,0.9950156887943098,SOLAR,4.118078,2.999822,136.3883,9.389009,30.344587,35.354407,77.9598,Dhenkanal
Kantamala,3,SOLAR,SOLAR,0.9877442702086076,SOLAR,4.233087,3.918025,187.1997,3.793791,58.91504,74.78775,77.0193,Boudh
Kantapada,0,HYBRID,HYBRID,0.9827103654629687,HYBRID,4.054466,4.910918,801.9218,0.963117,24.465659,28.143789,72.54260000000001,Cuttack
Kaptipada,3,SOLAR,SOLAR,0.9615159316738964,SOLAR,4.044575,3.573821,284.1348,7.75283,107.689433,44.22655,83.768,Mayurbhanj
Karanjia,3,SOLAR,SOLAR,0.9935473108577654,SOLAR,4.179084,3.342648,160.0073,18.682719,46.348252,56.046675,74.7744,Mayurbhanj
Karlamunda,1,SOLAR,SOLAR,0.9839109696313416,SOLAR,4.25681,3.947347,233.9031,3.134175,22.778639,58.484702,90.7783,Kalahandi
Kashipur,1,HYBRID,HYBRID,0.7784527578142756,HYBRID,4.227272,5.163309,121.3578,3.147444,23.083918,46.034832,41.0814,Rayagada
Kasinagar,3,SOLAR,SOLAR,0.9623645163102502,SOLAR,4.133435,3.366221,246.4155,1.584831,9.286752,78.068708,34.6315,Gajapati
Kendrapada,0,HYBRID,HYBRID,0.9643590583468988,HYBRID,4.041177,5.042516,1078.5618,2.606954,11.574109,19.394763,89.3261,Kendrapada
Keonjhar Sadar,1,SOLAR,SOLAR,0.9726205492040936,SOLAR,4.180281,3.568618,403.4714,4.053479,19.225645,24.995769,90.6141,Keonjhar
Kesinga,1,SOLAR,SOLAR,0.9766627078824864,SOLAR,4.262068,3.82419,282.3349,4.131382,6.302033,29.908972,82.7537,Kalahandi
Khaira,1,SOLAR,SOLAR,0.9268598660235003,SOLAR,4.081148,3.628004,560.7586,3.832034,42.321286,13.050611,98.5566,Baleswar
Khairput,1,SOLAR,SOLAR,0.984604966206907,SOLAR,4.241271,3.383813,116.9287,2.060053,17.425069,48.540208,54.445,Malkanagiri
Khajuripada,3,SOLAR,SOLAR,0.9849545403454918,SOLAR,4.171048,4.151902,102.6362,9.195307,24.292634,48.931105,40.3994,Kandhamal
Khallikote,0,SOLAR,SOLAR,0.7143246932173157,SOLAR,4.132854,4.635451,543.879,2.596406,12.586885,25.568425,57.8615,Ganjam
Khandapara,1,SOLAR,SOLAR,0.9945777070143518,SOLAR,4.072039,3.298759,270.4033,6.849012,40.122021,35.98091,65.9392,Nayagarh
Khaprakhol,3,SOLAR,SOLAR,0.9892705079183368,SOLAR,4.245925,3.712512,180.7145,3.800782,48.344619,82.167009,79.9116,Bolangir
Khariar,1,SOLAR,SOLAR,0.9878760035873948,SOLAR,4.212633,3.742165,322.3379,1.749258,21.410941,35.863748,54.7345,Nuapada
Khunta,1,SOLAR,SOLAR,0.9372810699356322,SOLAR,3.99064,3.558861,324.0601,3.119973,51.913893,63.413758,92.5431,Mayurbhanj
Khurda,0,HYBRID,HYBRID,0.9297307569573272,HYBRID,4.07492,4.781996,654.8874,1.512599,8.595452,22.054678,80.4251,Khurda
Kirmira,1,SOLAR,SOLAR,0.9693625043184908,SOLAR,4.274174,3.896929,212.8979,4.638753,5.540173,28.366906,98.0827,Jharsuguda
Kishorenagar,1,SOLAR,SOLAR,0.9938216494242488,SOLAR,4.176308,3.402101,134.5557,7.253646,12.62707,54.558578,76.4498,Anugul
Kodala(Beguniapada),1,SOLAR,SOLAR,0.981126547893648,SOLAR,4.098097,3.696279,482.112,2.763424,24.46599,61.160581,77.2069,Ganjam
Koira,3,SOLAR,SOLAR,0.9903708629548356,SOLAR,4.027091,3.340898,118.5796,9.093965,56.670928,44.500955,65.5739,Sundargarh
Kokasara,1,SOLAR,SOLAR,0.9901171977590236,SOLAR,4.231553,4.072409,225.6972,4.509446,51.951691,47.472176,80.8775,Kalahandi
Kolabira,1,SOLAR,SOLAR,0.9892054607569196,SOLAR,4.257134,3.697282,272.1054,2.116358,18.823436,31.491038,84.4341,Jharsuguda
Koliane,1,SOLAR,SOLAR,0.9401391777860576,SOLAR,3.917826,3.79534,389.6653,3.875526,9.728563,38.675389,96.0238,Mayurbhanj
Kolnara,1,SOLAR,SOLAR,0.9758287577124162,SOLAR,4.075666,3.362015,209.9659,1.4009,11.770761,43.634976,52.7061,Rayagada
Komana,3,SOLAR,SOLAR,0.9969157398791252,SOLAR,4.184194,4.185689,137.7947,5.749944,39.596059,83.868254,75.856,Nuapada
Koraput,1,SOLAR,SOLAR,0.8428606824254993,SOLAR,4.305153,4.712526,270.1797,2.08424,9.584288,26.111966,45.7242,Koraput
Korei,0,SOLAR,SOLAR,0.973781672710695,SOLAR,4.100597,4.229399,715.2765,2.363603,8.000241,19.676612,92.0536,Jajpur
Korkunda,1,SOLAR,SOLAR,0.9860112691823624,SOLAR,4.267972,3.259139,158.3962,1.803633,14.689903,37.920976,56.1133,Malkanagiri
Kosagumuda,1,SOLAR,SOLAR,0.9762433798897916,SOLAR,4.30734,4.441327,259.7138,3.389499,74.350273,50.004662,85.0939,Nawarangpur
Kotagarh,3,SOLAR,SOLAR,0.974092098491488,SOLAR,4.16996,3.536179,61.2442,4.782514,122.383165,95.044807,44.3374,Kandhamal
Kotpad,1,SOLAR,SOLAR,0.9907163741106914,SOLAR,4.349099,4.2399,330.3285,2.533588,48.924532,43.971343,85.8505,Koraput
Krishnaprasad,3,HYBRID,HYBRID,0.7490319225405123,HYBRID,4.071533,5.850775,208.013,10.864969,58.566472,38.997559,0.6604,Puri
Kuanrmunda,1,SOLAR,SOLAR,0.8533782963253386,SOLAR,4.048555,3.11604,1071.9948,3.804173,26.099242,34.507827,72.84230000000001,Sundargarh
Kuchinda,1,SOLAR,SOLAR,0.991838657026251,SOLAR,4.224751,3.426186,174.6191,5.104293,55.575923,54.05721,85.4169,Sambalpur
Kujang,0,HYBRID,HYBRID,0.986783024386479,HYBRID,3.904363,5.588343,913.4083,1.701461,23.782459,18.252847,60.781,Jagatsingpur
Kukudakhandi,0,SOLAR,SOLAR,0.8992076529635875,SOLAR,4.100555,4.261528,1065.7012,1.858412,18.1569,29.652003,60.8012,Ganjam
Kundura,1,SOLAR,SOLAR,0.9897151351483208,SOLAR,4.336969,4.3103,189.9278,1.73671,22.34131,44.357401,89.044,Koraput
Kusumi,1,SOLAR,SOLAR,0.987124728162409,SOLAR,4.069613,3.661913,362.0517,6.045122,15.899644,63.937553,91.4267,Mayurbhanj
Kutra,1,SOLAR,SOLAR,0.9861430787232872,SOLAR,4.144323,3.284932,246.0265,3.559174,19.880502,56.260863,88.7177,Sundargarh
Lahunipada,3,SOLAR,SOLAR,0.9935473108577654,SOLAR,4.180297,3.026662,129.8215,16.456324,29.291238,51.038794,54.7412,Sundargarh
Laikera,1,SOLAR,SOLAR,0.9945777070143518,SOLAR,4.258027,3.618757,158.6725,10.606875,24.436341,38.10223,92.2433,Jharsuguda
Lakhanpur,3,SOLAR,SOLAR,0.9574691206310396,SOLAR,4.161944,3.825095,203.031,6.200746,16.557183,44.206974,33.4652,Jharsuguda
Lamtaput,1,SOLAR,SOLAR,0.9732140774841104,SOLAR,4.269055,4.52388,125.626,2.349885,15.236623,36.570305,53.1744,Koraput
Lanjigarh,3,SOLAR,SOLAR,0.9945594226730086,SOLAR,4.197787,4.142116,137.4935,6.853286,37.635865,43.756894,49.9827,Kalahandi
Lathikata,1,SOLAR,SOLAR,0.9904510648488918,SOLAR,4.149326,3.197705,264.7136,5.531829,23.970231,30.975305,66.7948,Sundargarh
Laxmipur,1,HYBRID,HYBRID,0.8324357857629627,HYBRID,4.187223,5.233631,129.4884,3.364048,7.38625,38.271515,41.1047,Koraput
Lephripada,1,SOLAR,SOLAR,0.9901171977590236,SOLAR,4.225952,3.68742,143.3827,3.793756,49.696999,54.015702,81.74040000000001,Sundargarh
Losingha,1,SOLAR,SOLAR,0.9891826347470686,SOLAR,4.235862,3.821432,479.0206,4.303949,23.57569,40.408367,84.31450000000001,Bolangir
Madanpur Ramapur,3,SOLAR,SOLAR,0.9928963873890572,SOLAR,4.226188,3.547562,142.1471,11.162035,80.38917,104.308733,61.48630000000001,Kalahandi
Mahakalpada,2,HYBRID,HYBRID,0.911685394326926,HYBRID,3.708416,5.626834,539.3048,3.97382,31.859841,25.297085,52.7144,Kendrapada
Mahanga,0,SOLAR,SOLAR,0.7533909324888595,SOLAR,4.053735,4.588613,939.5082,1.959069,21.803265,19.368681,94.0714,Cuttack
Malkangiri,1,SOLAR,SOLAR,0.9933747508507998,SOLAR,4.146218,3.26529,183.6093,1.772527,42.418965,42.198396,72.4366,Malkanagiri
Maneswar,1,SOLAR,SOLAR,0.985788927135599,SOLAR,4.216252,3.690275,499.995,1.56238,31.222519,33.705506,71.4501,Sambalpur
Marshaghai,0,HYBRID,HYBRID,0.969854988553368,HYBRID,4.043967,5.205067,754.8541,2.550263,12.598089,26.009503,65.6312,Kendrapada
Mathili,1,SOLAR,SOLAR,0.9907768963153524,SOLAR,4.095021,3.208148,184.6892,3.041539,49.211154,49.252506,78.8097,Malkanagiri
Merada,1,SOLAR,SOLAR,0.891583133564736,SOLAR,3.945044,4.339591,396.331,3.783697,39.425404,66.582206,99.0869,Mayurbhanj
Mohana,3,SOLAR,SOLAR,0.9715178701208508,SOLAR,4.129658,3.775576,97.7246,4.140269,20.88118,52.164114,38.1418,Gajapati
Muniguda,3,SOLAR,SOLAR,0.9964341860621618,SOLAR,4.16843,3.607454,130.564,9.904277,24.474881,48.433777,51.4879,Rayagada
Muribahal,1,SOLAR,SOLAR,0.9907119083353592,SOLAR,4.265752,3.716251,307.4346,3.268825,44.805958,32.15771,90.0829,Bolangir
Naktideul,3,SOLAR,SOLAR,0.9920152567329912,SOLAR,4.153671,3.200983,66.9959,11.071604,48.014202,82.827821,62.667,Sambalpur
Nandahandi,1,SOLAR,SOLAR,0.9546941601193768,SOLAR,4.361178,4.600821,404.6789,1.511025,9.327904,24.101362,88.0431,Nawarangpur
Nandapur,1,SOLAR,SOLAR,0.9396331275022956,SOLAR,4.09082,4.360172,143.6443,2.19479,19.971874,33.519554,40.6922,Koraput
Narasinghpur,3,SOLAR,SOLAR,0.9893707329913118,SOLAR,4.078241,2.956578,259.5534,7.534109,28.6843,36.798585,46.8062,Cuttack
Narayanapatna,3,SOLAR,SOLAR,0.9545343387118304,SOLAR,3.989887,4.241511,97.3753,2.48534,48.037578,64.409713,31.0345,Koraput
Narla,1,SOLAR,SOLAR,0.9909114112549282,SOLAR,4.258357,3.994431,247.9083,3.158777,16.13641,51.942439,91.3377,Kalahandi
Naugaon,0,HYBRID,HYBRID,0.977867548106404,HYBRID,4.044719,5.344673,590.4777,1.945582,65.789147,19.883741,77.6316,Jagatsingpur
Nawarangpur,1,SOLAR,SOLAR,0.984075397828167,SOLAR,4.375735,4.490249,429.7572,2.760735,43.579037,42.982466,91.2173,Nawarangpur
Nayagarh,1,SOLAR,SOLAR,0.9455315213407331,SOLAR,4.083136,3.549842,548.8237,4.868339,18.01401,26.694403,63.2694,Nayagarh
Niali,0,HYBRID,HYBRID,0.9803524992308624,HYBRID,4.058222,5.096819,729.0181,1.227546,46.053242,14.965706,79.7073,Cuttack
Nilagiri,1,SOLAR,SOLAR,0.9588477165257072,SOLAR,4.04059,4.136783,366.5542,4.912293,38.368722,28.117685,76.4319,Baleswar
Nimapara,0,HYBRID,HYBRID,0.9845443188269328,HYBRID,4.062098,5.13372,655.0027,0.453928,17.072561,19.093659,89.8706,Puri
Nischintakoili,0,HYBRID,HYBRID,0.9821012535937814,HYBRID,4.055614,4.909198,803.275,1.939178,35.958293,24.175475,67.23780000000001,Cuttack
Nuagada,3,SOLAR,SOLAR,0.9890179661357148,SOLAR,4.14374,3.633583,95.6067,4.232555,51.564743,61.474623,25.8939,Gajapati
Nuagaon,3,SOLAR,SOLAR,0.9717481834369112,SOLAR,4.189901,3.806065,111.3601,4.464186,128.36052,81.342437,49.6702,Nayagarh
Nuagaon,1,SOLAR,SOLAR,0.9627100682792008,SOLAR,3.79957,3.288449,266.2078,2.567947,20.438268,41.779153,82.9577,Nayagarh
Nuagaon,3,SOLAR,SOLAR,0.9969157398791252,SOLAR,4.084701,3.355522,160.115,9.384183,34.952255,70.920589,74.1566,Nayagarh
Nuapada,1,SOLAR,SOLAR,0.9905199576006772,SOLAR,4.105929,4.403218,203.9247,2.175617,45.940203,44.910626,75.7516,Nuapada
Odagaon,3,SOLAR,SOLAR,0.986995765231471,SOLAR,4.076076,3.852958,356.235,6.147725,22.673781,71.005737,68.4058,Nayagarh
Odapada,1,SOLAR,SOLAR,0.9632578952248224,SOLAR,4.079087,3.637606,478.7529,4.411938,12.536603,27.027883,79.7632,Dhenkanal
Oupada,1,SOLAR,SOLAR,0.9545380842051048,SOLAR,4.061194,4.03867,425.5152,6.524569,34.64374,20.787721,73.3705,Baleswar
Padmapur,1,SOLAR,SOLAR,0.986841442302044,SOLAR,4.170516,2.921176,183.0129,2.593396,12.606966,37.594336,51.8987,Rayagada
Padmapur (Rajabudasambar),1,SOLAR,SOLAR,0.9907021823789276,SOLAR,4.104845,3.659744,208.5086,3.219336,28.922653,34.684119,79.4786,Baragarh
Paikmal,1,SOLAR,SOLAR,0.9895535286463812,SOLAR,4.163565,3.710454,177.188,2.884309,64.061838,59.471763,78.05919999999999,Baragarh
Pallahara,3,SOLAR,SOLAR,0.9885473108577654,SOLAR,4.174923,2.999762,144.7185,16.811637,37.913904,45.639272,59.478,Anugul
Papadahandi,1,SOLAR,SOLAR,0.8825532465321853,SOLAR,4.365048,4.734075,249.6053,4.712354,16.72791,44.548595,92.566,Nawarangpur
Paralakhemundi,2,SOLAR,SOLAR,0.9075162627495494,SOLAR,3.7163,3.210035,476.3892,2.80582,56.604161,44.938015,56.511100000000006,Gajapati
Parjang,1,SOLAR,SOLAR,0.9897641000132597,SOLAR,4.129497,3.297155,286.1555,5.380383,9.898215,37.321848,82.2487,Dhenkanal
Patana,3,SOLAR,SOLAR,0.9575198705952296,SOLAR,4.170848,3.446074,285.9963,9.006853,43.594865,78.401248,95.7565,Keonjhar
Patnagarh,1,SOLAR,SOLAR,0.9906259005104434,SOLAR,4.256232,3.837562,274.9117,3.389793,25.752855,35.452355,83.206,Bolangir
Patrapur,2,SOLAR,SOLAR,0.959686093578334,SOLAR,3.710984,3.797245,277.7951,4.453558,47.146778,43.22382,48.4593,Ganjam
Pattamundai,0,HYBRID,HYBRID,0.9861503836065522,HYBRID,4.042711,5.229705,760.3703,2.381043,30.095149,18.79272,82.6268,Kendrapada
Phulbani,3,SOLAR,SOLAR,0.9945594226730086,SOLAR,4.206002,4.12566,173.1737,10.4584,33.792549,40.979485,54.879,Kandhamal
Pipili,0,HYBRID,HYBRID,0.983559384676726,HYBRID,4.062423,4.863131,743.7825,0.360677,14.608795,19.950685,82.6802,Puri
Podia,3,SOLAR,SOLAR,0.9544079307962025,SOLAR,4.044401,3.42186,118.0679,4.320903,72.698935,42.260245,67.61540000000001,Malkanagiri
Polasara,3,SOLAR,SOLAR,0.9935175755182324,SOLAR,4.095717,3.539786,480.7224,6.758193,41.032872,70.461644,63.3333,Ganjam
Potangi,2,HYBRID,HYBRID,0.8438460298205489,HYBRID,3.514817,5.040954,141.8431,2.159571,28.141046,40.802331,32.575,Koraput
Puintala,1,SOLAR,SOLAR,0.9789302634092856,SOLAR,4.235967,4.010317,387.1639,2.045235,6.520749,30.90156,92.0189,Bolangir
Puri Sadar,0,HYBRID,HYBRID,0.9876117973389944,HYBRID,3.956346,5.37998,1296.8875,0.544703,9.25603,19.064016,76.1706,Puri
Purusottampur,1,SOLAR,SOLAR,0.9185289789621598,SOLAR,4.132416,4.447763,613.0933,1.199053,13.023912,55.076667,61.0587,Ganjam
R Udyagiri,3,SOLAR,SOLAR,0.9621515143825566,SOLAR,4.086658,4.248013,110.438,4.634791,30.857619,35.178003,33.3146,Gajapati
Raghunathpur,0,HYBRID,HYBRID,0.9915612320839244,HYBRID,4.051244,4.955977,884.6534,1.392706,12.750252,23.139377,88.0,Jagatsingpur
Raighar,3,HYBRID,HYBRID,0.8669680121559855,HYBRID,4.023571,4.998333,232.8244,1.815798,130.432795,131.500779,98.2009,Nawarangpur
Raikia,3,SOLAR,SOLAR,0.995990501155047,SOLAR,4.082734,3.526546,124.3577,5.701475,72.743924,105.640473,41.6996,Kandhamal
Rairakhola,1,SOLAR,SOLAR,0.9849276075019472,SOLAR,4.185209,3.365512,77.9263,6.686824,18.514563,45.341376,78.152,Sambalpur
Rairangpur,1,SOLAR,SOLAR,0.9721956371023373,SOLAR,3.937607,3.412033,259.6047,3.003692,37.480603,42.156498,76.4811,Mayurbhanj
Rajagangapur,1,SOLAR,SOLAR,0.9886409849549244,SOLAR,4.252089,3.172315,345.3821,12.124675,24.924547,29.768174,76.6037,Sundargarh
Rajkanika,2,HYBRID,HYBRID,0.9076446093195492,HYBRID,3.907921,5.228843,610.2427,4.653177,72.087564,43.138186,76.6649,Kendrapada
Rajnagar,2,WIND,WIND,0.67984375,WIND,3.389676,5.56436,398.5759,4.44913,62.61133,45.140425,46.5994,Kendrapada
Ramnaguda,1,SOLAR,SOLAR,0.9907255777844912,SOLAR,4.123175,3.320923,152.8127,1.409707,15.331395,75.442873,58.972100000000005,Rayagada
Ranapur,3,SOLAR,SOLAR,0.9557191153226444,SOLAR,4.063602,4.292358,356.3896,13.593918,28.212502,60.649708,77.0633,Nayagarh
Rangeilunda,0,HYBRID,HYBRID,0.9782690901496188,HYBRID,4.033451,5.117982,2037.8071,1.151092,28.067333,32.415344,71.96209999999999,Ganjam
Raruyan,2,SOLAR,SOLAR,0.8704719058767358,SOLAR,3.505705,3.742283,278.7965,7.393278,13.014027,63.449867,97.4992,Mayurbhanj
Rasgobindpur,1,SOLAR,SOLAR,0.8983751121606648,SOLAR,4.009472,4.504299,495.7462,4.506484,30.667968,39.382982,98.2337,Mayurbhanj
Rasulpur,0,SOLAR,SOLAR,0.943266165307094,SOLAR,4.083248,4.411086,766.1167,2.633795,13.393936,13.679309,65.2261,Jajpur
Rayagada,3,SOLAR,SOLAR,0.9644298610130908,SOLAR,3.87374,3.477148,159.6771,4.891426,72.895262,37.417311,28.0653,Rayagada
Rayagada,1,SOLAR,SOLAR,0.9430413813798552,SOLAR,3.94059,3.773041,261.3881,2.901592,26.61656,37.000613,34.5146,Rayagada
Reamal,1,SOLAR,SOLAR,0.9936324102540524,SOLAR,4.153379,3.119968,132.1533,4.953729,36.343851,49.290739,67.5528,Deogarh
Remuna,0,HYBRID,HYBRID,0.9714928312189522,HYBRID,3.834129,4.755689,735.006,2.135048,11.573541,19.273023,88.98049999999999,Baleswar
Rengali,1,SOLAR,SOLAR,0.981528485933065,SOLAR,4.248523,3.725449,206.5743,1.404394,20.525779,27.353433,71.3828,Sambalpur
Saharpada,1,SOLAR,SOLAR,0.991820059466895,SOLAR,4.188901,3.543245,280.2293,10.600772,26.826451,54.704618,99.5241,Keonjhar
Saintala,1,SOLAR,SOLAR,0.9917759312062424,SOLAR,4.249444,3.732061,228.7633,4.873718,28.755362,37.532454,85.8394,Bolangir
Salipur,0,HYBRID,HYBRID,0.9300963746275984,HYBRID,4.062927,4.650082,907.285,1.639951,12.860476,16.425238,67.9967,Cuttack
Samakhunta,3,SOLAR,SOLAR,0.9832558776578236,SOLAR,4.010202,3.376279,166.5738,14.332454,67.577757,70.826108,51.5945,Mayurbhanj
Sanakhemundi,1,SOLAR,SOLAR,0.9866899440379991,SOLAR,4.082087,3.250718,425.4756,2.298846,13.852964,36.877928,63.35659999999999,Ganjam
Saraskana,2,SOLAR,SOLAR,0.9154938845329796,SOLAR,3.589055,3.372088,264.0942,4.106283,29.449168,102.902356,91.6373,Mayurbhanj
Satyabadi,0,HYBRID,HYBRID,0.9385734304309372,HYBRID,4.076047,5.043347,840.7004,0.496818,12.227843,35.31111,90.5739,Puri
Semiliguda,1,SOLAR,SOLAR,0.9848290901908152,SOLAR,4.233585,4.42468,200.821,1.673572,18.755276,36.352763,53.7435,Koraput
Sheragada,1,SOLAR,SOLAR,0.9602749089062148,SOLAR,4.09524,3.304988,511.8481,2.051455,21.829343,28.755889,74.118,Ganjam
Simulia,0,SOLAR,SOLAR,0.9613014791887926,SOLAR,4.093596,4.208979,664.706,2.900735,8.380895,12.950937,99.9681,Baleswar
Sinapali,3,SOLAR,SOLAR,0.9947602494407524,SOLAR,4.175187,3.77207,175.7021,4.507459,110.247763,98.738829,70.501,Nuapada
Sohela,1,SOLAR,SOLAR,0.9817613042398334,SOLAR,4.078073,3.933645,237.857,2.313524,36.923598,33.598125,86.429,Baragarh
Sonepur,1,SOLAR,SOLAR,0.9784406882571072,SOLAR,4.240021,3.979324,285.3309,4.568699,16.775172,27.599359,75.66159999999999,Sonepur
Sorada,3,SOLAR,SOLAR,0.9817750286335364,SOLAR,4.06786,3.128019,146.6434,5.281165,41.183877,92.28799,49.532900000000005,Ganjam
Soro,0,SOLAR,SOLAR,0.9400767502790438,SOLAR,4.08456,4.128842,688.8991,4.018268,13.04184,17.21205,98.5707,Baleswar
Subdega,1,SOLAR,SOLAR,0.9928924241634272,SOLAR,4.130581,3.431199,200.33,4.796531,49.692573,56.104947,85.56009999999999,Sundargarh
Sukali,1,SOLAR,SOLAR,0.9751876799910438,SOLAR,4.216893,3.836295,326.689,6.949549,23.4528,57.928498,99.7917,Mayurbhanj
Sukinda,1,SOLAR,SOLAR,0.9806577050871732,SOLAR,4.090887,3.482389,313.4787,3.588521,16.927848,22.19683,67.74029999999999,Jajpur
Suliapada,2,HYBRID,HYBRID,0.5996380238171247,HYBRID,3.770357,4.250871,383.7768,4.98623,51.491433,72.597026,95.5898,Mayurbhanj
Sundargarh,1,SOLAR,SOLAR,0.980749270934221,SOLAR,4.281827,3.767492,294.4745,5.891371,5.419644,24.890397,89.0293,Sundargarh
Talchar,1,SOLAR,SOLAR,0.967318408312122,SOLAR,4.113056,3.421993,618.4038,2.802784,10.591919,15.984093,79.8091,Anugul
Tangarpali,1,SOLAR,SOLAR,0.9761228056818482,SOLAR,4.284308,3.717166,179.2391,2.508615,13.645545,26.354127,74.4961,Sundargarh
Tangi,0,HYBRID,HYBRID,0.8117936912213998,HYBRID,4.106326,4.915199,607.2318,4.431741,20.465146,58.24503,71.2218,Khurda
Tangi Choudwar,0,SOLAR,SOLAR,0.8480682001483137,SOLAR,4.054066,4.175879,722.9455,2.405096,8.532696,20.151952,72.2458,Cuttack
Tarava,1,SOLAR,SOLAR,0.991757462394978,SOLAR,4.238648,3.959633,247.7282,2.091883,26.302679,52.122736,81.02120000000001,Sonepur
Telkoi,3,SOLAR,SOLAR,0.991533702916028,SOLAR,4.12817,2.664886,112.5889,22.225715,30.351213,44.258718,72.41109999999999,Keonjhar
Tentulikhunti,1,SOLAR,SOLAR,0.725133428136387,SOLAR,4.340367,4.909062,298.7071,3.539398,14.514256,35.090531,68.0956,Nawarangpur
ThakurMunda,3,SOLAR,SOLAR,0.9957077383082352,SOLAR,4.108192,2.94042,105.0334,19.419918,100.901212,88.629712,74.3681,Mayurbhanj
Thuamul Rampur,3,SOLAR,SOLAR,0.946044587456724,SOLAR,4.247432,4.682728,102.0481,6.339261,41.929268,49.766374,33.8326,Kalahandi
Tigiria,0,SOLAR,SOLAR,0.8771924033686302,SOLAR,4.074595,3.954451,731.2102,2.323006,8.862928,23.527841,79.0786,Cuttack
Tihidi,0,HYBRID,HYBRID,0.8897614061722444,HYBRID,4.072607,4.807355,655.2145,10.006935,15.87025,23.111918,94.9979,Bhadrak
Tikabali,3,SOLAR,SOLAR,0.9916227316584784,SOLAR,4.154354,4.233983,160.8786,3.766187,42.257399,75.990559,55.28530000000001,Kandhamal
Tileibeni,3,SOLAR,SOLAR,0.9967141795320678,SOLAR,4.180042,3.322688,103.4639,8.508534,90.16554,64.587811,61.7449,Deogarh
Tiringa,3,SOLAR,SOLAR,0.9090345244020138,SOLAR,3.801308,3.30152,450.1302,8.31425,17.593364,111.502034,94.7749,Mayurbhanj
Tirtol,0,HYBRID,HYBRID,0.9933307676480796,HYBRID,4.049406,5.182145,821.7105,1.878979,30.278172,16.788185,79.39659999999999,Jagatsingpur
Titilagarh,1,SOLAR,SOLAR,0.9881234280252992,SOLAR,4.26314,3.66341,374.8113,3.649654,19.380114,34.960794,68.7809,Bolangir
Tumudibandha,3,SOLAR,SOLAR,0.9970890483279892,SOLAR,4.180658,3.808869,75.6481,9.27053,102.700216,105.96886,40.7081,Kandhamal
Tureikela,1,SOLAR,SOLAR,0.9906259005104434,SOLAR,4.233524,3.788121,231.3239,3.997621,23.197587,37.952484,81.3843,Bolangir
Udala,3,SOLAR,SOLAR,0.968227576515244,SOLAR,3.998297,3.542372,279.7873,8.741127,106.872795,37.122436,71.4391,Mayurbhanj
Ullunda,1,SOLAR,SOLAR,0.995996204282204,SOLAR,4.233537,3.728469,200.7389,6.363017,33.186633,43.753326,79.06840000000001,Sonepur
Umarkote,1,HYBRID,HYBRID,0.6704264122243981,HYBRID,4.212731,4.885651,239.7535,4.604555,49.247272,56.251968,93.2813,Nawarangpur
